order_id,order_date,customer_name,city,product_name,category,quantity,unit_price
1001,2025-01-24,Kiran Patel,Chennai,Headphones,Electronics,2.0,2500
1002,2025-12-04,Anita Rao,Delhi,Smartphone,Electronics,4.0,18000
1003,2025-01-03,Priya Sharma,Chennai,Laptop,Electronics,5.0,55000
1004,2025-09-07,Arjun Singh,Chennai,Laptop,Electronics,4.0,55000
1005,2025-01-25,Suresh Reddy,Mumbai,Jeans,Clothing,3.0,1500
1006,2025-03-07,Meena Iyer,,Jeans,Clothing,1.0,1500
1007,2025-02-12,Meena Iyer,Delhi,Notebook,Stationery,3.0,80
1008,2025-12-15,Anita Rao,Mumbai,Laptop,Electronics,1.0,55000
1009,2025-11-20,Meena Iyer,Delhi,Jeans,Clothing,2.0,1500
1010,2025-01-22,Priya Sharma,Bengaluru,Headphones,Electronics,,2500
1011,2025-02-13,Kiran Patel,Mumbai,T-Shirt,Clothing,3.0,600
1012,2025-06-12,Priya Sharma,Bengaluru,Smartphone,Electronics,1.0,18000
1013,2025-09-24,Priya Sharma,Chennai,Smartphone,Electronics,4.0,18000
1014,2025-05-21,Priya Sharma,Bengaluru,Notebook,Stationery,1.0,80
1015,2025-01-26,Meena Iyer,Mumbai,T-Shirt,Clothing,3.0,600
1016,2025-04-19,Meena Iyer,Chennai,Headphones,Electronics,4.0,2500
1017,2025-11-15,Suresh Reddy,Bengaluru,Notebook,Stationery,2.0,80
1018,2025-12-18,Kiran Patel,Delhi,T-Shirt,Clothing,4.0,600
1019,2025-06-08,Suresh Reddy,Delhi,Notebook,Stationery,4.0,80
1020,2025-01-28,Anita Rao,Chennai,Headphones,Electronics,2.0,2500
1021,2025-10-03,  ravi kumar ,Mumbai,Notebook,Stationery,5.0,80
1022,2025-09-09,Ravi Kumar,Hyderabad,Pen Pack,Stationery,5.0,120
1023,2025-11-11,Anita Rao,Bengaluru,Jeans,Clothing,4.0,1500
1024,2025-08-01,Kiran Patel,Delhi,Smartphone,Electronics,2.0,18000
1025,2025-11-10,Priya Sharma,Chennai,Headphones,Electronics,3.0,2500
1026,2025-09-25,Ravi Kumar,Delhi,Smartphone,Electronics,3.0,18000
1027,2025-01-04,Meena Iyer,Bengaluru,Pen Pack,Stationery,2.0,120
1028,2025-04-19,Anita Rao,Hyderabad,Laptop,Electronics,4.0,55000
1029,2025-09-25,Suresh Reddy,Chennai,Headphones,Electronics,4.0,2500
1030,2025-05-17,Arjun Singh,Chennai,Smartphone,Electronics,5.0,18000
1031,2025-12-10,Arjun Singh,HYDERABAD,T-Shirt,Clothing,4.0,600
1032,2025-02-08,Priya Sharma,Hyderabad,Pen Pack,Stationery,3.0,120
1033,2025-10-18,Priya Sharma,Delhi,Laptop,Electronics,2.0,55000
1034,2025-02-23,Ravi Kumar,Chennai,Laptop,Electronics,1.0,55000
1035,2025-06-03,Priya Sharma,Bengaluru,Laptop,Electronics,4.0,55000
1036,2025-09-05,Divya Nair,Chennai,T-Shirt,Clothing,4.0,600
1037,2025-04-04,Anita Rao,Mumbai,Notebook,Stationery,3.0,80
1038,2025-07-15,Ravi Kumar,Hyderabad,Notebook,Stationery,1.0,80
1039,2025-12-11,Anita Rao,Chennai,Notebook,Stationery,2.0,80
1040,2025-09-15,Suresh Reddy,Mumbai,T-Shirt,Clothing,2.0,600
1041,2025-08-08,Anita Rao,Mumbai,Jeans,Clothing,5.0,1500
1042,2025-01-21,Ravi Kumar,Hyderabad,Headphones,Electronics,2.0,2500
1043,2025-07-16,Divya Nair,Chennai,Smartphone,Electronics,4.0,18000
1044,2025-03-13,Ravi Kumar,Mumbai,Laptop,Electronics,3.0,55000
1045,2025-05-14,Divya Nair,Chennai,Pen Pack,Stationery,2.0,120
1046,2025-04-02,Ravi Kumar,Bengaluru,Jeans,Clothing,1.0,1500
1047,2025-10-16,Suresh Reddy,Hyderabad,Laptop,Electronics,5.0,55000
1048,2025-03-03,Anita Rao,Chennai,Headphones,Electronics,4.0,2500
1049,2025-10-08,Ravi Kumar,Delhi,Headphones,Electronics,1.0,2500
1050,2025-11-19,Meena Iyer,Bengaluru,Notebook,Stationery,2.0,80
1051,2025-04-09,Arjun Singh,Chennai,Sneakers,Footwear,3.0,3000
1052,2025-06-25,Anita Rao,Hyderabad,Pen Pack,Stationery,4.0,120
1053,2025-02-18,Priya Sharma,Delhi,Headphones,Electronics,3.0,2500
1054,2025-06-03,Priya Sharma,Bengaluru,Smartphone,Electronics,3.0,18000
1055,2025-08-27,Kiran Patel,Delhi,Smartphone,Electronics,5.0,18000
1056,2025-11-27,Kiran Patel,Hyderabad,Laptop,Electronics,2.0,55000
1057,2025-02-04,Suresh Reddy,Bengaluru,Jeans,Clothing,3.0,1500
1058,2025-12-11,Priya Sharma,Bengaluru,T-Shirt,Clothing,5.0,600
1059,2025-05-28,Ravi Kumar,Hyderabad,Pen Pack,Stationery,4.0,120
1060,2025-01-01,Meena Iyer,Chennai,Jeans,Clothing,3.0,1500
1061,2025-12-15,Arjun Singh,Delhi,Smartphone,Electronics,1.0,18000
1062,2025-02-23,Suresh Reddy,Delhi,Headphones,Electronics,1.0,2500
1063,2025-10-18,Suresh Reddy,Mumbai,Sneakers,Footwear,2.0,3000
1064,2025-05-12,Ravi Kumar,Bengaluru,Laptop,Electronics,2.0,55000
1065,2025-11-04,Meena Iyer,Delhi,T-Shirt,Clothing,4.0,600
1066,2025-04-28,Suresh Reddy,Chennai,Smartphone,Electronics,4.0,18000
1067,2025-03-24,Meena Iyer,Mumbai,Laptop,Electronics,2.0,55000
1068,2025-03-26,Anita Rao,Mumbai,Jeans,Clothing,1.0,1500
1069,2025-04-07,Divya Nair,Bengaluru,Pen Pack,Stationery,3.0,120
1070,2025-04-01,Priya Sharma,Mumbai,T-Shirt,Clothing,3.0,600
1071,2025-02-25,Kiran Patel,Bengaluru,Jeans,Clothing,5.0,1500
1072,2025-11-27,Meena Iyer,Hyderabad,Notebook,Stationery,1.0,80
1073,2025-03-19,Kiran Patel,Hyderabad,Jeans,Clothing,1.0,1500
1074,2025-06-24,Meena Iyer,Mumbai,Notebook,Stationery,5.0,80
1075,2025-07-19,Priya Sharma,Bengaluru,Headphones,Electronics,1.0,2500
1076,2025-01-17,Priya Sharma,Bengaluru,Notebook,Stationery,4.0,80
1077,2025-11-11,Meena Iyer,Hyderabad,Headphones,Electronics,3.0,2500
1078,2025-11-14,Meena Iyer,Mumbai,Jeans,Clothing,3.0,1500
1079,2025-04-14,Arjun Singh,Chennai,Smartphone,Electronics,5.0,18000
1080,2025-07-18,Ravi Kumar,Bengaluru,Jeans,Clothing,3.0,1500
1081,2025-07-26,Meena Iyer,Mumbai,T-Shirt,Clothing,4.0,600
1082,2025-11-07,Divya Nair,Chennai,Pen Pack,Stationery,1.0,120
1083,2025-09-22,Meena Iyer,Hyderabad,Jeans,Clothing,2.0,1500
1084,2025-04-26,Priya Sharma,Chennai,Jeans,Clothing,1.0,1500
1085,2025-04-16,Anita Rao,Mumbai,Laptop,Electronics,4.0,55000
1086,2025-12-23,Arjun Singh,Mumbai,T-Shirt,Clothing,4.0,600
1087,2025-03-21,Ravi Kumar,Hyderabad,T-Shirt,Clothing,4.0,600
1088,2025-03-26,Divya Nair,Hyderabad,T-Shirt,Clothing,5.0,600
1089,2025-02-15,Suresh Reddy,Mumbai,T-Shirt,Clothing,5.0,600
1090,2025-08-20,Arjun Singh,Delhi,Sneakers,Footwear,4.0,3000
1091,2025-12-28,Divya Nair,Mumbai,Smartphone,Electronics,3.0,18000
1092,2025-11-09,Divya Nair,Chennai,T-Shirt,Clothing,3.0,600
1093,2025-02-23,Kiran Patel,Chennai,Pen Pack,Stationery,3.0,120
1094,2025-06-18,Anita Rao,Chennai,Sneakers,Footwear,2.0,3000
1095,2025-07-23,Suresh Reddy,Chennai,T-Shirt,Clothing,1.0,600
1096,2025-07-11,Divya Nair,Mumbai,Notebook,Stationery,1.0,80
1097,2025-07-13,Ravi Kumar,Delhi,T-Shirt,Clothing,4.0,600
1098,2025-01-12,Kiran Patel,Mumbai,Pen Pack,Stationery,4.0,120
1099,2025-08-08,Kiran Patel,Mumbai,T-Shirt,Clothing,4.0,600
1100,2025-07-11,Arjun Singh,Chennai,Laptop,Electronics,4.0,55000
1101,2025-10-18,Ravi Kumar,Mumbai,Smartphone,Electronics,5.0,18000
1102,2025-02-21,Arjun Singh,Chennai,Laptop,Electronics,4.0,55000
1103,2025-01-09,Arjun Singh,Bengaluru,Smartphone,Electronics,2.0,18000
1104,2025-06-11,Arjun Singh,Bengaluru,Pen Pack,Stationery,4.0,120
1105,2025-02-16,Ravi Kumar,Delhi,Jeans,Clothing,1.0,1500
1106,2025-04-21,Anita Rao,Hyderabad,Sneakers,Footwear,1.0,3000
1107,2025-04-27,Ravi Kumar,Delhi,T-Shirt,Clothing,2.0,600
1108,2025-03-16,Anita Rao,Delhi,T-Shirt,Clothing,2.0,600
1109,2025-12-09,Meena Iyer,Chennai,Pen Pack,Stationery,5.0,120
1110,2025-03-10,Anita Rao,Delhi,Headphones,Electronics,1.0,2500
1111,2025-10-22,Arjun Singh,Mumbai,Jeans,Clothing,2.0,1500
1112,2025-10-23,Priya Sharma,Hyderabad,Headphones,Electronics,3.0,2500
1113,2025-10-26,Ravi Kumar,Bengaluru,Headphones,Electronics,5.0,2500
1114,2025-11-12,Anita Rao,Delhi,Notebook,Stationery,3.0,80
1115,2025-07-27,Divya Nair,Hyderabad,Laptop,Electronics,4.0,55000
1116,2025-11-27,Divya Nair,Chennai,Sneakers,Footwear,4.0,3000
1117,2025-12-17,Kiran Patel,Delhi,Smartphone,Electronics,5.0,18000
1118,2025-08-14,Kiran Patel,Bengaluru,Pen Pack,Stationery,2.0,120
1119,2025-05-15,Priya Sharma,Mumbai,Headphones,Electronics,5.0,2500
1120,2025-06-01,Divya Nair,Bengaluru,Notebook,Stationery,2.0,80
1121,2025-04-12,Kiran Patel,Bengaluru,Pen Pack,Stationery,3.0,120
1122,2025-09-01,Priya Sharma,Hyderabad,Jeans,Clothing,2.0,1500
1123,2025-08-18,Priya Sharma,Mumbai,Notebook,Stationery,4.0,80
1124,2025-01-03,Kiran Patel,Chennai,Pen Pack,Stationery,4.0,120
1125,2025-05-22,Meena Iyer,Mumbai,T-Shirt,Clothing,5.0,600
1126,2025-07-24,Meena Iyer,Bengaluru,Sneakers,Footwear,4.0,3000
1127,2025-05-09,Priya Sharma,Hyderabad,Jeans,Clothing,2.0,1500
1128,2025-02-24,Suresh Reddy,Chennai,Sneakers,Footwear,2.0,3000
1129,2025-05-24,Kiran Patel,Hyderabad,Pen Pack,Stationery,2.0,120
1130,2025-04-12,Suresh Reddy,Bengaluru,Jeans,Clothing,1.0,1500
1131,2025-05-02,Ravi Kumar,Delhi,Smartphone,Electronics,3.0,18000
1132,2025-11-28,Divya Nair,Hyderabad,Smartphone,Electronics,1.0,18000
1133,2025-08-16,Divya Nair,Bengaluru,Jeans,Clothing,2.0,1500
1134,2025-05-28,Divya Nair,Hyderabad,Laptop,Electronics,1.0,55000
1135,2025-08-03,Ravi Kumar,Chennai,Notebook,Stationery,2.0,80
1136,2025-02-08,Anita Rao,Delhi,Jeans,Clothing,4.0,1500
1137,2025-09-13,Divya Nair,Mumbai,T-Shirt,Clothing,3.0,600
1138,2025-05-19,Ravi Kumar,Delhi,Notebook,Stationery,1.0,80
1139,2025-11-07,Kiran Patel,Hyderabad,T-Shirt,Clothing,2.0,600
1140,2025-03-18,Anita Rao,Chennai,T-Shirt,Clothing,1.0,600
1141,2025-08-23,Divya Nair,Bengaluru,Notebook,Stationery,1.0,80
1142,2025-05-23,Kiran Patel,Mumbai,T-Shirt,Clothing,1.0,600
1143,2025-05-26,Priya Sharma,Mumbai,T-Shirt,Clothing,1.0,600
1144,2025-11-05,Kiran Patel,Chennai,T-Shirt,Clothing,1.0,600
1145,2025-03-26,Kiran Patel,Delhi,Laptop,Electronics,5.0,55000
1146,2025-08-04,Divya Nair,Bengaluru,Jeans,Clothing,4.0,1500
1147,2025-09-18,Divya Nair,Mumbai,Jeans,Clothing,1.0,1500
1148,2025-07-24,Meena Iyer,Delhi,Laptop,Electronics,3.0,55000
1149,2025-02-08,Ravi Kumar,Bengaluru,Laptop,Electronics,5.0,55000
1150,2025-03-16,Divya Nair,Bengaluru,Laptop,Electronics,2.0,55000
1151,2025-11-27,Divya Nair,Hyderabad,Notebook,Stationery,4.0,80
1152,2025-07-11,Meena Iyer,Hyderabad,Sneakers,Footwear,2.0,3000
1153,2025-07-23,Divya Nair,Bengaluru,Sneakers,Footwear,4.0,3000
1154,2025-08-03,Meena Iyer,Bengaluru,Laptop,Electronics,3.0,55000
1155,2025-07-28,Ravi Kumar,Delhi,Headphones,Electronics,4.0,2500
1156,2025-01-07,Meena Iyer,Delhi,Notebook,Stationery,4.0,80
1157,2025-01-07,Kiran Patel,Delhi,Pen Pack,Stationery,2.0,120
1158,2025-08-23,Divya Nair,Hyderabad,Jeans,Clothing,1.0,1500
1159,2025-12-06,Kiran Patel,Delhi,T-Shirt,Clothing,1.0,600
1160,2025-02-08,Anita Rao,Mumbai,Notebook,Stationery,1.0,80
1161,2025-08-23,Kiran Patel,Delhi,Smartphone,Electronics,3.0,18000
1162,2025-08-16,Priya Sharma,Mumbai,Notebook,Stationery,5.0,80
1163,2025-07-07,Suresh Reddy,Hyderabad,Smartphone,Electronics,3.0,18000
1164,2025-06-26,Kiran Patel,Hyderabad,Notebook,Stationery,3.0,80
1165,2025-10-19,Divya Nair,Chennai,Jeans,Clothing,4.0,1500
1166,2025-06-11,Arjun Singh,Mumbai,Pen Pack,Stationery,3.0,120
1167,2025-12-08,Arjun Singh,Chennai,T-Shirt,Clothing,4.0,600
1168,2025-06-24,Divya Nair,Mumbai,Laptop,Electronics,4.0,55000
1169,2025-08-02,Suresh Reddy,Delhi,Smartphone,Electronics,5.0,18000
1170,2025-02-28,Divya Nair,Hyderabad,Sneakers,Footwear,5.0,3000
1171,2025-01-24,Suresh Reddy,Mumbai,Pen Pack,Stationery,2.0,120
1172,2025-08-26,Kiran Patel,Bengaluru,Headphones,Electronics,5.0,2500
1173,2025-11-03,Meena Iyer,Delhi,Notebook,Stationery,4.0,80
1174,2025-11-23,Divya Nair,Delhi,Sneakers,Footwear,1.0,3000
1175,2025-04-21,Kiran Patel,Chennai,Headphones,Electronics,1.0,2500
1176,2025-02-25,Anita Rao,Mumbai,Notebook,Stationery,2.0,80
1177,2025-01-02,Meena Iyer,Hyderabad,Jeans,Clothing,3.0,1500
1178,2025-06-14,Suresh Reddy,Chennai,Sneakers,Footwear,5.0,3000
1179,2025-10-22,Suresh Reddy,Chennai,Notebook,Stationery,2.0,80
1180,2025-10-28,Arjun Singh,Delhi,Headphones,Electronics,2.0,2500
1181,2025-10-05,Priya Sharma,Mumbai,Pen Pack,Stationery,3.0,120
1182,2025-05-22,Ravi Kumar,Mumbai,Pen Pack,Stationery,3.0,120
1183,2025-02-15,Meena Iyer,Delhi,Smartphone,Electronics,3.0,18000
1184,2025-12-09,Divya Nair,Bengaluru,Notebook,Stationery,2.0,80
1185,2025-08-04,Priya Sharma,Mumbai,Notebook,Stationery,5.0,80
1186,2025-10-10,Kiran Patel,Hyderabad,Sneakers,Footwear,4.0,3000
1187,2025-01-19,Ravi Kumar,Delhi,Jeans,Clothing,4.0,1500
1188,2025-04-20,Meena Iyer,Chennai,Jeans,Clothing,2.0,1500
1189,2025-11-25,Suresh Reddy,Hyderabad,Jeans,Clothing,1.0,1500
1190,2025-08-02,Meena Iyer,Chennai,Jeans,Clothing,1.0,1500
1191,2025-06-24,Arjun Singh,Chennai,Jeans,Clothing,2.0,1500
1192,2025-09-12,Kiran Patel,Chennai,Smartphone,Electronics,3.0,18000
1193,2025-05-24,Meena Iyer,Hyderabad,Pen Pack,Stationery,4.0,120
1194,2025-03-25,Priya Sharma,Mumbai,Headphones,Electronics,5.0,2500
1195,2025-02-26,Arjun Singh,Hyderabad,Sneakers,Footwear,3.0,3000
1196,2025-08-12,Kiran Patel,Delhi,Headphones,Electronics,4.0,2500
1197,2025-02-22,Priya Sharma,Mumbai,Sneakers,Footwear,1.0,3000
1198,2025-10-08,Anita Rao,Mumbai,Sneakers,Footwear,3.0,3000
1199,2025-02-05,Ravi Kumar,Hyderabad,Notebook,Stationery,3.0,80
1200,2025-02-04,Priya Sharma,Delhi,Pen Pack,Stationery,2.0,120
1201,2025-08-12,Arjun Singh,Delhi,Notebook,Stationery,2.0,80
1202,2025-11-04,Divya Nair,Delhi,Notebook,Stationery,4.0,80
1203,2025-01-23,Meena Iyer,Chennai,Jeans,Clothing,4.0,1500
1204,2025-04-28,Meena Iyer,Hyderabad,Pen Pack,Stationery,3.0,120
1205,2025-01-13,Kiran Patel,Chennai,Sneakers,Footwear,1.0,3000
1206,2025-02-22,Priya Sharma,Delhi,Pen Pack,Stationery,1.0,120
1207,2025-06-08,Suresh Reddy,Delhi,Laptop,Electronics,2.0,55000
1208,2025-09-07,Priya Sharma,Chennai,Headphones,Electronics,3.0,2500
1209,2025-10-01,Kiran Patel,Chennai,Smartphone,Electronics,2.0,18000
1210,2025-03-04,Ravi Kumar,Chennai,Jeans,Clothing,1.0,1500
1211,2025-04-19,Meena Iyer,Hyderabad,Sneakers,Footwear,2.0,3000
1212,2025-01-05,Arjun Singh,Delhi,Jeans,Clothing,1.0,1500
1213,2025-08-15,Meena Iyer,Delhi,Headphones,Electronics,5.0,2500
1214,2025-08-17,Priya Sharma,Delhi,Headphones,Electronics,1.0,2500
1215,2025-08-21,Ravi Kumar,Hyderabad,Jeans,Clothing,4.0,1500
1216,2025-07-22,Anita Rao,Mumbai,Notebook,Stationery,4.0,80
1217,2025-02-11,Suresh Reddy,Hyderabad,Headphones,Electronics,2.0,2500
1218,2025-10-21,Meena Iyer,Mumbai,Jeans,Clothing,5.0,1500
1219,2025-08-17,Arjun Singh,Hyderabad,Jeans,Clothing,1.0,1500
1220,2025-07-15,Priya Sharma,Mumbai,T-Shirt,Clothing,3.0,600
1221,2025-07-14,Anita Rao,Bengaluru,Pen Pack,Stationery,4.0,120
1222,2025-11-09,Meena Iyer,Chennai,Sneakers,Footwear,4.0,3000
1223,2025-02-27,Anita Rao,Hyderabad,Headphones,Electronics,4.0,2500
1224,2025-12-24,Meena Iyer,Chennai,Headphones,Electronics,5.0,2500
1225,2025-10-18,Meena Iyer,Hyderabad,Laptop,Electronics,4.0,55000
1226,2025-11-25,Arjun Singh,Hyderabad,Sneakers,Footwear,3.0,3000
1227,2025-06-04,Priya Sharma,Chennai,Jeans,Clothing,4.0,1500
1228,2025-02-12,Meena Iyer,Hyderabad,T-Shirt,Clothing,3.0,600
1229,2025-07-28,Ravi Kumar,Delhi,T-Shirt,Clothing,3.0,600
1230,2025-03-09,Kiran Patel,Bengaluru,Laptop,Electronics,3.0,55000
1231,2025-03-28,Suresh Reddy,Delhi,Laptop,Electronics,4.0,55000
1232,2025-03-24,Ravi Kumar,Hyderabad,Headphones,Electronics,5.0,2500
1233,2025-07-14,Divya Nair,Bengaluru,T-Shirt,Clothing,2.0,600
1234,2025-05-24,Meena Iyer,Delhi,Sneakers,Footwear,5.0,3000
1235,2025-01-05,Suresh Reddy,Delhi,Headphones,Electronics,1.0,2500
1236,2025-05-15,Arjun Singh,Mumbai,Headphones,Electronics,5.0,2500
1237,2025-07-09,Priya Sharma,Delhi,Pen Pack,Stationery,1.0,120
1238,2025-07-04,Kiran Patel,Delhi,Sneakers,Footwear,4.0,3000
1239,2025-01-08,Arjun Singh,Delhi,Jeans,Clothing,1.0,1500
1240,2025-04-10,Priya Sharma,Chennai,Laptop,Electronics,3.0,55000
1241,2025-06-04,Ravi Kumar,Mumbai,Jeans,Clothing,4.0,1500
1242,2025-03-13,Priya Sharma,Delhi,Smartphone,Electronics,5.0,18000
1243,2025-02-13,Ravi Kumar,Mumbai,Sneakers,Footwear,1.0,3000
1244,2025-02-28,Meena Iyer,Delhi,Pen Pack,Stationery,4.0,120
1245,2025-12-21,Arjun Singh,Bengaluru,Notebook,Stationery,1.0,80
1246,2025-01-11,Suresh Reddy,Delhi,Notebook,Stationery,4.0,80
1247,2025-02-14,Anita Rao,Chennai,Sneakers,Footwear,4.0,3000
1248,2025-09-03,Arjun Singh,Bengaluru,Notebook,Stationery,3.0,80
1249,2025-06-25,Suresh Reddy,Hyderabad,T-Shirt,Clothing,5.0,600
1250,2025-09-17,Priya Sharma,Bengaluru,Headphones,Electronics,3.0,2500
1251,2025-04-04,Suresh Reddy,Bengaluru,Smartphone,Electronics,2.0,18000
1252,2025-10-05,Anita Rao,Chennai,Smartphone,Electronics,4.0,18000
1253,2025-10-25,Divya Nair,Delhi,Pen Pack,Stationery,5.0,120
1254,2025-11-11,Suresh Reddy,Mumbai,Sneakers,Footwear,1.0,3000
1255,2025-08-21,Kiran Patel,Bengaluru,Pen Pack,Stationery,5.0,120
1256,2025-06-17,Anita Rao,Bengaluru,Laptop,Electronics,4.0,55000
1257,2025-01-02,Meena Iyer,Bengaluru,Pen Pack,Stationery,1.0,120
1258,2025-10-20,Arjun Singh,Mumbai,Headphones,Electronics,5.0,2500
1259,2025-08-26,Priya Sharma,Bengaluru,Laptop,Electronics,5.0,55000
1260,2025-09-05,Ravi Kumar,Mumbai,Pen Pack,Stationery,1.0,120
1261,2025-12-03,Suresh Reddy,Hyderabad,Sneakers,Footwear,2.0,3000
1262,2025-08-17,Suresh Reddy,Bengaluru,Pen Pack,Stationery,3.0,120
1263,2025-07-14,Meena Iyer,Delhi,Jeans,Clothing,1.0,1500
1264,2025-02-11,Anita Rao,Delhi,Sneakers,Footwear,4.0,3000
1265,2025-05-24,Suresh Reddy,Bengaluru,Jeans,Clothing,1.0,1500
1266,2025-06-10,Arjun Singh,Chennai,Smartphone,Electronics,5.0,18000
1267,2025-05-18,Arjun Singh,Bengaluru,Headphones,Electronics,2.0,2500
1268,2025-11-22,Arjun Singh,Delhi,Headphones,Electronics,3.0,2500
1269,2025-06-10,Suresh Reddy,Chennai,Laptop,Electronics,3.0,55000
1270,2025-04-08,Suresh Reddy,Chennai,Pen Pack,Stationery,1.0,120
1271,2025-02-17,Ravi Kumar,Bengaluru,Jeans,Clothing,5.0,1500
1272,2025-10-13,Suresh Reddy,Chennai,Smartphone,Electronics,2.0,18000
1273,2025-12-15,Ravi Kumar,Mumbai,Smartphone,Electronics,3.0,18000
1274,2025-08-20,Kiran Patel,Mumbai,T-Shirt,Clothing,2.0,600
1275,2025-05-26,Divya Nair,Chennai,T-Shirt,Clothing,3.0,600
1276,2025-08-25,Kiran Patel,Mumbai,Pen Pack,Stationery,5.0,120
1277,2025-03-27,Priya Sharma,Delhi,Notebook,Stationery,2.0,80
1278,2025-01-21,Divya Nair,Bengaluru,Jeans,Clothing,5.0,1500
1279,2025-12-28,Anita Rao,Bengaluru,Headphones,Electronics,1.0,2500
1280,2025-05-15,Suresh Reddy,Mumbai,Smartphone,Electronics,1.0,18000
1281,2025-08-12,Ravi Kumar,Mumbai,T-Shirt,Clothing,1.0,600
1282,2025-09-12,Priya Sharma,Mumbai,Notebook,Stationery,1.0,80
1283,2025-04-01,Meena Iyer,Hyderabad,Sneakers,Footwear,3.0,3000
1284,2025-03-02,Kiran Patel,Mumbai,Smartphone,Electronics,2.0,18000
1285,2025-08-20,Ravi Kumar,Hyderabad,Pen Pack,Stationery,1.0,120
1286,2025-04-27,Suresh Reddy,Delhi,Jeans,Clothing,5.0,1500
1287,2025-02-25,Kiran Patel,Chennai,Notebook,Stationery,3.0,80
1288,2025-01-08,Arjun Singh,Delhi,Headphones,Electronics,4.0,2500
1289,2025-02-27,Divya Nair,Delhi,Headphones,Electronics,5.0,2500
1290,2025-11-17,Priya Sharma,Chennai,Laptop,Electronics,3.0,55000
1291,2025-01-20,Meena Iyer,Chennai,Notebook,Stationery,5.0,80
1292,2025-03-22,Anita Rao,Delhi,Notebook,Stationery,3.0,80
1293,2025-09-18,Ravi Kumar,Mumbai,Headphones,Electronics,4.0,2500
1294,2025-11-13,Meena Iyer,Bengaluru,Laptop,Electronics,1.0,55000
1295,2025-02-12,Priya Sharma,Hyderabad,Sneakers,Footwear,5.0,3000
1296,2025-03-02,Meena Iyer,Delhi,Sneakers,Footwear,3.0,3000
1297,2025-11-15,Divya Nair,Chennai,Smartphone,Electronics,2.0,18000
1298,2025-12-25,Divya Nair,Hyderabad,Headphones,Electronics,3.0,2500
1299,2025-01-26,Priya Sharma,Hyderabad,T-Shirt,Clothing,3.0,600
1300,2025-09-13,Divya Nair,Bengaluru,Jeans,Clothing,1.0,1500
1301,2025-05-12,Ravi Kumar,Bengaluru,T-Shirt,Clothing,3.0,600
1302,2025-06-14,Arjun Singh,Mumbai,Headphones,Electronics,4.0,2500
1303,2025-03-16,Divya Nair,Bengaluru,Sneakers,Footwear,5.0,3000
1304,2025-02-24,Arjun Singh,Hyderabad,Jeans,Clothing,4.0,1500
1305,2025-09-10,Meena Iyer,Hyderabad,Smartphone,Electronics,1.0,18000
1306,2025-11-10,Kiran Patel,Mumbai,Sneakers,Footwear,5.0,3000
1307,2025-03-23,Divya Nair,Bengaluru,Notebook,Stationery,4.0,80
1308,2025-12-28,Meena Iyer,Delhi,Laptop,Electronics,4.0,55000
1309,2025-11-26,Ravi Kumar,Hyderabad,Jeans,Clothing,4.0,1500
1310,2025-09-26,Suresh Reddy,Hyderabad,Sneakers,Footwear,2.0,3000
1311,2025-01-05,Anita Rao,Chennai,Pen Pack,Stationery,3.0,120
1312,2025-07-19,Ravi Kumar,Delhi,Sneakers,Footwear,2.0,3000
1313,2025-06-12,Divya Nair,Hyderabad,Pen Pack,Stationery,5.0,120
1314,2025-09-12,Arjun Singh,Bengaluru,Smartphone,Electronics,3.0,18000
1315,2025-02-01,Suresh Reddy,Mumbai,T-Shirt,Clothing,5.0,600
1316,2025-09-04,Kiran Patel,Bengaluru,Notebook,Stationery,4.0,80
1317,2025-10-10,Divya Nair,Chennai,T-Shirt,Clothing,1.0,600
1318,2025-02-15,Suresh Reddy,Mumbai,Smartphone,Electronics,1.0,18000
1319,2025-11-12,Anita Rao,Delhi,Sneakers,Footwear,5.0,3000
1320,2025-05-28,Suresh Reddy,Chennai,Jeans,Clothing,3.0,1500
1321,2025-02-07,Suresh Reddy,Chennai,T-Shirt,Clothing,4.0,600
1322,2025-06-18,Meena Iyer,Mumbai,Laptop,Electronics,5.0,55000
1323,2025-10-03,Anita Rao,Bengaluru,Smartphone,Electronics,4.0,18000
1324,2025-09-14,Arjun Singh,Delhi,Pen Pack,Stationery,1.0,120
1325,2025-06-21,Anita Rao,Mumbai,Smartphone,Electronics,4.0,18000
1326,2025-03-27,Suresh Reddy,Chennai,Sneakers,Footwear,4.0,3000
1327,2025-02-17,Suresh Reddy,Bengaluru,Laptop,Electronics,2.0,55000
1328,2025-06-23,Priya Sharma,Bengaluru,Smartphone,Electronics,5.0,18000
1329,2025-02-09,Priya Sharma,Delhi,Jeans,Clothing,3.0,1500
1330,2025-11-10,Anita Rao,Delhi,Smartphone,Electronics,2.0,18000
1331,2025-03-22,Meena Iyer,Delhi,Smartphone,Electronics,1.0,18000
1332,2025-02-02,Kiran Patel,Chennai,Laptop,Electronics,5.0,55000
1333,2025-10-21,Ravi Kumar,Mumbai,Notebook,Stationery,5.0,80
1334,2025-11-10,Divya Nair,Chennai,Jeans,Clothing,4.0,1500
1335,2025-08-03,Ravi Kumar,Chennai,Jeans,Clothing,4.0,1500
1336,2025-08-15,Priya Sharma,Bengaluru,Notebook,Stationery,5.0,80
1337,2025-06-28,Meena Iyer,Bengaluru,Smartphone,Electronics,4.0,18000
1338,2025-06-17,Anita Rao,Bengaluru,Smartphone,Electronics,2.0,18000
1339,2025-02-09,Divya Nair,Chennai,Pen Pack,Stationery,2.0,120
1340,2025-01-10,Arjun Singh,Delhi,Headphones,Electronics,4.0,2500
1341,2025-03-27,Meena Iyer,Delhi,T-Shirt,Clothing,3.0,600
1342,2025-03-16,Divya Nair,Mumbai,T-Shirt,Clothing,3.0,600
1343,2025-01-03,Arjun Singh,Delhi,Pen Pack,Stationery,4.0,120
1344,2025-04-19,Meena Iyer,Hyderabad,T-Shirt,Clothing,1.0,600
1345,2025-08-20,Divya Nair,Bengaluru,Jeans,Clothing,5.0,1500
1346,2025-02-14,Suresh Reddy,Bengaluru,Laptop,Electronics,3.0,55000
1347,2025-06-02,Arjun Singh,Hyderabad,Notebook,Stationery,5.0,80
1348,2025-06-18,Kiran Patel,Hyderabad,T-Shirt,Clothing,4.0,600
1349,2025-09-09,Anita Rao,Chennai,Pen Pack,Stationery,1.0,120
1350,2025-06-26,Meena Iyer,Delhi,Notebook,Stationery,3.0,80
1351,2025-04-20,Arjun Singh,Delhi,Smartphone,Electronics,1.0,18000
1352,2025-01-05,Meena Iyer,Mumbai,Laptop,Electronics,5.0,55000
1353,2025-03-20,Suresh Reddy,Bengaluru,Pen Pack,Stationery,5.0,120
1354,2025-03-13,Kiran Patel,Delhi,Sneakers,Footwear,3.0,3000
1355,2025-12-19,Kiran Patel,Mumbai,Pen Pack,Stationery,1.0,120
1356,2025-06-22,Anita Rao,Mumbai,Sneakers,Footwear,5.0,3000
1357,2025-12-28,Ravi Kumar,Delhi,Jeans,Clothing,4.0,1500
1358,2025-11-26,Priya Sharma,Hyderabad,Jeans,Clothing,5.0,1500
1359,2025-03-17,Arjun Singh,Chennai,Pen Pack,Stationery,2.0,120
1360,2025-10-23,Anita Rao,Chennai,Laptop,Electronics,1.0,55000
1361,2025-06-14,Suresh Reddy,Mumbai,Pen Pack,Stationery,2.0,120
1362,2025-09-25,Divya Nair,Hyderabad,Notebook,Stationery,2.0,80
1363,2025-09-11,Divya Nair,Delhi,T-Shirt,Clothing,4.0,600
1364,2025-03-15,Meena Iyer,Delhi,Sneakers,Footwear,3.0,3000
1365,2025-10-16,Priya Sharma,Chennai,Jeans,Clothing,3.0,1500
1366,2025-04-10,Kiran Patel,Chennai,Jeans,Clothing,4.0,1500
1367,2025-08-12,Kiran Patel,Bengaluru,Sneakers,Footwear,1.0,3000
1368,2025-07-27,Meena Iyer,Chennai,Notebook,Stationery,3.0,80
1369,2025-05-23,Anita Rao,Bengaluru,Laptop,Electronics,4.0,55000
1370,2025-12-16,Priya Sharma,Chennai,Jeans,Clothing,5.0,1500
1371,2025-09-23,Kiran Patel,Chennai,Jeans,Clothing,1.0,1500
1372,2025-04-02,Priya Sharma,Chennai,T-Shirt,Clothing,1.0,600
1373,2025-07-11,Divya Nair,Hyderabad,Headphones,Electronics,2.0,2500
1374,2025-09-06,Arjun Singh,Mumbai,Laptop,Electronics,4.0,55000
1375,2025-05-11,Kiran Patel,Hyderabad,T-Shirt,Clothing,1.0,600
1376,2025-09-24,Ravi Kumar,Chennai,T-Shirt,Clothing,4.0,600
1377,2025-01-27,Arjun Singh,Mumbai,Smartphone,Electronics,2.0,18000
1378,2025-01-01,Kiran Patel,Delhi,Jeans,Clothing,5.0,1500
1379,2025-06-10,Divya Nair,Delhi,Headphones,Electronics,5.0,2500
1380,2025-03-28,Divya Nair,Bengaluru,Pen Pack,Stationery,2.0,120
1381,2025-06-06,Divya Nair,Bengaluru,Headphones,Electronics,2.0,2500
1382,2025-12-11,Kiran Patel,Delhi,Laptop,Electronics,2.0,55000
1383,2025-10-28,Arjun Singh,Mumbai,Smartphone,Electronics,5.0,18000
1384,2025-02-13,Anita Rao,Chennai,Sneakers,Footwear,2.0,3000
1385,2025-06-08,Ravi Kumar,Bengaluru,Pen Pack,Stationery,4.0,120
1386,2025-08-25,Kiran Patel,Bengaluru,T-Shirt,Clothing,3.0,600
1387,2025-05-21,Meena Iyer,Chennai,Laptop,Electronics,1.0,55000
1388,2025-08-10,Suresh Reddy,Mumbai,Headphones,Electronics,5.0,2500
1389,2025-12-04,Kiran Patel,Bengaluru,Jeans,Clothing,5.0,1500
1390,2025-04-05,Divya Nair,Chennai,T-Shirt,Clothing,4.0,600
1391,2025-07-23,Divya Nair,Delhi,Sneakers,Footwear,2.0,3000
1392,2025-11-25,Anita Rao,Delhi,T-Shirt,Clothing,4.0,600
1393,2025-02-19,Anita Rao,Hyderabad,Sneakers,Footwear,5.0,3000
1394,2025-10-18,Suresh Reddy,Chennai,T-Shirt,Clothing,3.0,600
1395,2025-02-22,Priya Sharma,Delhi,Pen Pack,Stationery,4.0,120
1396,2025-09-15,Ravi Kumar,Mumbai,Headphones,Electronics,2.0,2500
1397,2025-08-19,Ravi Kumar,Delhi,Notebook,Stationery,4.0,80
1398,2025-12-01,Arjun Singh,Bengaluru,Jeans,Clothing,1.0,1500
1399,2025-10-03,Ravi Kumar,Mumbai,T-Shirt,Clothing,3.0,600
1400,2025-09-02,Anita Rao,Mumbai,Headphones,Electronics,1.0,2500
1401,2025-07-06,Suresh Reddy,Mumbai,Jeans,Clothing,3.0,1500
1402,2025-08-28,Arjun Singh,Mumbai,Notebook,Stationery,1.0,80
1403,2025-11-28,Meena Iyer,Hyderabad,Smartphone,Electronics,2.0,18000
1404,2025-09-05,Priya Sharma,Hyderabad,Notebook,Stationery,1.0,80
1405,2025-08-22,Arjun Singh,Delhi,Jeans,Clothing,4.0,1500
1406,2025-04-15,Meena Iyer,Chennai,T-Shirt,Clothing,3.0,600
1407,2025-12-25,Anita Rao,Hyderabad,T-Shirt,Clothing,4.0,600
1408,2025-04-07,Anita Rao,Hyderabad,Laptop,Electronics,5.0,55000
1409,2025-08-20,Ravi Kumar,Chennai,Laptop,Electronics,1.0,55000
1410,2025-08-08,Priya Sharma,Hyderabad,Notebook,Stationery,2.0,80
1411,2025-04-27,Meena Iyer,Delhi,Jeans,Clothing,5.0,1500
1412,2025-04-10,Suresh Reddy,Delhi,Sneakers,Footwear,2.0,3000
1413,2025-05-09,Ravi Kumar,Delhi,Notebook,Stationery,5.0,80
1414,2025-11-22,Arjun Singh,Delhi,Smartphone,Electronics,4.0,18000
1415,2025-06-21,Arjun Singh,Delhi,Laptop,Electronics,3.0,55000
1416,2025-07-05,Kiran Patel,Mumbai,Notebook,Stationery,2.0,80
1417,2025-04-28,Priya Sharma,Bengaluru,Pen Pack,Stationery,2.0,120
1418,2025-01-18,Arjun Singh,Mumbai,Pen Pack,Stationery,5.0,120
1419,2025-07-08,Kiran Patel,Chennai,Smartphone,Electronics,3.0,18000
1420,2025-08-28,Meena Iyer,Hyderabad,Headphones,Electronics,5.0,2500
1421,2025-01-09,Arjun Singh,Delhi,T-Shirt,Clothing,5.0,600
1422,2025-02-07,Priya Sharma,Mumbai,Laptop,Electronics,2.0,55000
1423,2025-05-01,Priya Sharma,Chennai,Sneakers,Footwear,1.0,3000
1424,2025-04-23,Priya Sharma,Mumbai,Pen Pack,Stationery,2.0,120
1425,2025-05-13,Divya Nair,Delhi,Sneakers,Footwear,3.0,3000
1426,2025-05-12,Divya Nair,Mumbai,Jeans,Clothing,1.0,1500
1427,2025-06-07,Meena Iyer,Bengaluru,Pen Pack,Stationery,4.0,120
1428,2025-10-28,Priya Sharma,Chennai,Laptop,Electronics,1.0,55000
1429,2025-09-19,Arjun Singh,Bengaluru,Jeans,Clothing,2.0,1500
1430,2025-06-08,Arjun Singh,Delhi,T-Shirt,Clothing,2.0,600
1431,2025-09-21,Meena Iyer,Bengaluru,Pen Pack,Stationery,4.0,120
1432,2025-08-06,Meena Iyer,Chennai,Pen Pack,Stationery,2.0,120
1433,2025-03-18,Ravi Kumar,Delhi,Pen Pack,Stationery,1.0,120
1434,2025-11-02,Ravi Kumar,Mumbai,Headphones,Electronics,2.0,2500
1435,2025-02-23,Suresh Reddy,Hyderabad,T-Shirt,Clothing,2.0,600
1436,2025-06-02,Divya Nair,Mumbai,Pen Pack,Stationery,1.0,120
1437,2025-09-18,Arjun Singh,Hyderabad,Laptop,Electronics,1.0,55000
1438,2025-09-10,Ravi Kumar,Delhi,Jeans,Clothing,4.0,1500
1439,2025-02-04,Suresh Reddy,Chennai,Smartphone,Electronics,2.0,18000
1440,2025-06-09,Arjun Singh,Hyderabad,Jeans,Clothing,3.0,1500
1441,2025-08-19,Priya Sharma,Chennai,Notebook,Stationery,3.0,80
1442,2025-11-28,Ravi Kumar,Hyderabad,Headphones,Electronics,4.0,2500
1443,2025-07-18,Divya Nair,Hyderabad,Notebook,Stationery,1.0,80
1444,2025-02-16,Arjun Singh,Bengaluru,Smartphone,Electronics,5.0,18000
1445,2025-09-02,Priya Sharma,Chennai,Headphones,Electronics,5.0,2500
1446,2025-05-02,Anita Rao,Bengaluru,Pen Pack,Stationery,5.0,120
1447,2025-03-28,Meena Iyer,Hyderabad,Laptop,Electronics,2.0,55000
1448,2025-12-27,Arjun Singh,Hyderabad,Smartphone,Electronics,3.0,18000
1449,2025-10-08,Arjun Singh,Delhi,Smartphone,Electronics,3.0,18000
1450,2025-12-05,Anita Rao,Delhi,Notebook,Stationery,3.0,80
1451,2025-02-14,Priya Sharma,Hyderabad,Laptop,Electronics,3.0,55000
1452,2025-06-01,Kiran Patel,Mumbai,Notebook,Stationery,4.0,80
1453,2025-06-18,Arjun Singh,Mumbai,T-Shirt,Clothing,2.0,600
1454,2025-02-25,Kiran Patel,Chennai,Notebook,Stationery,1.0,80
1455,2025-05-05,Arjun Singh,Chennai,Headphones,Electronics,4.0,2500
1456,2025-06-04,Anita Rao,Hyderabad,Sneakers,Footwear,3.0,3000
1457,2025-06-25,Kiran Patel,Hyderabad,Pen Pack,Stationery,2.0,120
1458,2025-03-14,Divya Nair,Delhi,Headphones,Electronics,5.0,2500
1459,2025-02-01,Anita Rao,Bengaluru,Notebook,Stationery,5.0,80
1460,2025-10-20,Meena Iyer,Mumbai,Headphones,Electronics,1.0,2500
1461,2025-07-13,Anita Rao,Delhi,Jeans,Clothing,2.0,1500
1462,2025-11-13,Suresh Reddy,Chennai,Smartphone,Electronics,3.0,18000
1463,2025-05-16,Suresh Reddy,Hyderabad,Jeans,Clothing,2.0,1500
1464,2025-05-14,Kiran Patel,Mumbai,Notebook,Stationery,1.0,80
1465,2025-05-08,Divya Nair,Delhi,Sneakers,Footwear,5.0,3000
1466,2025-08-04,Suresh Reddy,Bengaluru,T-Shirt,Clothing,1.0,600
1467,2025-06-27,Arjun Singh,Bengaluru,Notebook,Stationery,4.0,80
1468,2025-07-27,Suresh Reddy,Bengaluru,Sneakers,Footwear,3.0,3000
1469,2025-08-11,Suresh Reddy,Mumbai,T-Shirt,Clothing,3.0,600
1470,2025-12-23,Divya Nair,Delhi,Jeans,Clothing,2.0,1500
1471,2025-07-09,Arjun Singh,Bengaluru,Sneakers,Footwear,1.0,3000
1472,2025-10-18,Suresh Reddy,Delhi,T-Shirt,Clothing,1.0,600
1473,2025-12-07,Divya Nair,Bengaluru,Pen Pack,Stationery,1.0,120
1474,2025-11-16,Suresh Reddy,Bengaluru,Notebook,Stationery,2.0,80
1475,2025-11-05,Arjun Singh,Mumbai,Jeans,Clothing,1.0,1500
1476,2025-10-16,Arjun Singh,Delhi,Pen Pack,Stationery,5.0,120
1477,2025-09-02,Meena Iyer,Delhi,Notebook,Stationery,5.0,80
1478,2025-02-25,Priya Sharma,Bengaluru,Headphones,Electronics,2.0,2500
1479,2025-10-21,Arjun Singh,Bengaluru,Laptop,Electronics,4.0,55000
1480,2025-01-04,Kiran Patel,Chennai,Headphones,Electronics,5.0,2500
1481,2025-08-12,Arjun Singh,Mumbai,T-Shirt,Clothing,5.0,600
1482,2025-06-01,Divya Nair,Hyderabad,Smartphone,Electronics,3.0,18000
1483,2025-02-04,Suresh Reddy,Bengaluru,Notebook,Stationery,3.0,80
1484,2025-08-26,Priya Sharma,Delhi,Sneakers,Footwear,4.0,3000
1485,2025-08-04,Divya Nair,Mumbai,Sneakers,Footwear,3.0,3000
1486,2025-05-02,Anita Rao,Hyderabad,Headphones,Electronics,3.0,2500
1487,2025-11-26,Suresh Reddy,Chennai,Headphones,Electronics,5.0,2500
1488,2025-09-06,Meena Iyer,Delhi,Smartphone,Electronics,4.0,18000
1489,2025-04-26,Arjun Singh,Chennai,Pen Pack,Stationery,2.0,120
1490,2025-07-01,Priya Sharma,Mumbai,Notebook,Stationery,5.0,80
1491,2025-07-01,Priya Sharma,Chennai,Notebook,Stationery,3.0,80
1492,2025-10-04,Suresh Reddy,Bengaluru,Headphones,Electronics,3.0,2500
1493,2025-08-04,Kiran Patel,Mumbai,T-Shirt,Clothing,5.0,600
1494,2025-10-13,Arjun Singh,Delhi,Sneakers,Footwear,1.0,3000
1495,2025-06-28,Divya Nair,Delhi,Sneakers,Footwear,2.0,3000
1496,2025-10-19,Anita Rao,Chennai,Jeans,Clothing,3.0,1500
1497,2025-04-10,Anita Rao,Chennai,Headphones,Electronics,3.0,2500
1498,2025-09-13,Arjun Singh,Delhi,Smartphone,Electronics,2.0,18000
1499,2025-07-06,Divya Nair,Delhi,Notebook,Stationery,2.0,80
1500,2025-08-10,Suresh Reddy,Chennai,Smartphone,Electronics,3.0,18000
1003,2025-01-03,Priya Sharma,Chennai,Laptop,Electronics,5.0,55000
1004,2025-09-07,Arjun Singh,Chennai,Laptop,Electronics,4.0,55000
1005,2025-01-25,Suresh Reddy,Mumbai,Jeans,Clothing,3.0,1500
